{"cameraMode":{"drawMode":0,"name":"Shaded","section":"Shading Mode"},"sceneLighting":false,"audioPlay":false,"sceneViewState":{"m_AlwaysRefresh":false,"showFog":true,"showSkybox":true,"showFlares":true,"showImageEffects":true,"showParticleSystems":true,"showVisualEffectGraphs":true,"m_FxEnabled":true},"in2DMode":false,"pivot":{"x":-20.553958892822267,"y":13.43765640258789,"z":58.53797149658203},"rotation":{"x":0.010189163498580456,"y":0.012599027715623379,"z":0.00015921892190817744,"w":-0.9998845458030701},"size":60.28227615356445,"orthographic":false}